provinsi,kota
ACEH,KABUPATEN ACEH SELATAN
ACEH,KABUPATEN ACEH TENGGARA
ACEH,KABUPATEN ACEH TIMUR
ACEH,KABUPATEN ACEH TENGAH
ACEH,KABUPATEN ACEH BARAT
ACEH,KABUPATEN ACEH BESAR
ACEH,KABUPATEN PIDIE
ACEH,KABUPATEN ACEH UTARA
ACEH,KABUPATEN SIMEULUE
ACEH,KABUPATEN ACEH SINGKIL
ACEH,KABUPATEN BIREUEN
ACEH,KABUPATEN ACEH BARAT DAYA
ACEH,KABUPATEN GAYO LUES
ACEH,KABUPATEN ACEH JAYA
ACEH,KABUPATEN NAGAN RAYA
ACEH,KABUPATEN ACEH TAMIANG
ACEH,KABUPATEN BENER MERIAH
ACEH,KABUPATEN PIDIE JAYA
ACEH,KOTA BANDA ACEH
ACEH,KOTA SABANG
ACEH,KOTA LHOKSEUMAWE
ACEH,KOTA LANGSA
ACEH,KOTA SUBULUSSALAM
SUMATRA UTARA,KABUPATEN TAPANULI TENGAH
SUMATRA UTARA,KABUPATEN TAPANULI UTARA
SUMATRA UTARA,KABUPATEN TAPANULI SELATAN
SUMATRA UTARA,KABUPATEN NIAS
SUMATRA UTARA,KABUPATEN LANGKAT
SUMATRA UTARA,KABUPATEN KARO
SUMATRA UTARA,KABUPATEN DELI SERDANG
SUMATRA UTARA,KABUPATEN SIMALUNGUN
SUMATRA UTARA,KABUPATEN ASAHAN
SUMATRA UTARA,KABUPATEN LABUHANBATU
SUMATRA UTARA,KABUPATEN DAIRI
SUMATRA UTARA,KABUPATEN TOBA
SUMATRA UTARA,KABUPATEN MANDAILING NATAL
SUMATRA UTARA,KABUPATEN NIAS SELATAN
SUMATRA UTARA,KABUPATEN PAKPAK BHARAT
SUMATRA UTARA,KABUPATEN HUMBANG HASUNDUTAN
SUMATRA UTARA,KABUPATEN SAMOSIR
SUMATRA UTARA,KABUPATEN SERDANG BEDAGAI
SUMATRA UTARA,KABUPATEN BATU BARA
SUMATRA UTARA,KABUPATEN PADANG LAWAS UTARA
SUMATRA UTARA,KABUPATEN PADANG LAWAS
SUMATRA UTARA,KABUPATEN LABUHANBATU SELATAN
SUMATRA UTARA,KABUPATEN LABUHANBATU UTARA
SUMATRA UTARA,KABUPATEN NIAS UTARA
SUMATRA UTARA,KABUPATEN NIAS BARAT
SUMATRA UTARA,KOTA MEDAN
SUMATRA UTARA,KOTA PEMATANGSIANTAR
SUMATRA UTARA,KOTA SIBOLGA
SUMATRA UTARA,KOTA TANJUNG BALAI
SUMATRA UTARA,KOTA BINJAI
SUMATRA UTARA,KOTA TEBING TINGGI
SUMATRA UTARA,KOTA PADANGSIDIMPUAN
SUMATRA UTARA,KOTA GUNUNGSITOLI
SUMATRA BARAT,KABUPATEN PESISIR SELATAN
SUMATRA BARAT,KABUPATEN SOLOK
SUMATRA BARAT,KABUPATEN SIJUNJUNG
SUMATRA BARAT,KABUPATEN TANAH DATAR
SUMATRA BARAT,KABUPATEN PADANG PARIAMAN
SUMATRA BARAT,KABUPATEN AGAM
SUMATRA BARAT,KABUPATEN LIMA PULUH KOTA
SUMATRA BARAT,KABUPATEN PASAMAN
SUMATRA BARAT,KABUPATEN KEPULAUAN MENTAWAI
SUMATRA BARAT,KABUPATEN DHARMASRAYA
SUMATRA BARAT,KABUPATEN SOLOK SELATAN
SUMATRA BARAT,KABUPATEN PASAMAN BARAT
SUMATRA BARAT,KOTA PADANG
SUMATRA BARAT,KOTA SOLOK
SUMATRA BARAT,KOTA SAWAHLUNTO
SUMATRA BARAT,KOTA PADANG PANJANG
SUMATRA BARAT,KOTA BUKITTINGGI
SUMATRA BARAT,KOTA PAYAKUMBUH
SUMATRA BARAT,KOTA PARIAMAN
RIAU,KABUPATEN KAMPAR
RIAU,KABUPATEN INDRAGIRI HULU
RIAU,KABUPATEN BENGKALIS
RIAU,KABUPATEN INDRAGIRI HILIR
RIAU,KABUPATEN PELALAWAN
RIAU,KABUPATEN ROKAN HULU
RIAU,KABUPATEN ROKAN HILIR
RIAU,KABUPATEN SIAK
RIAU,KABUPATEN KUANTAN SINGINGI
RIAU,KABUPATEN KEPULAUAN MERANTI
RIAU,KOTA PEKANBARU
RIAU,KOTA DUMAI
JAMBI,KABUPATEN KERINCI
JAMBI,KABUPATEN MERANGIN
JAMBI,KABUPATEN SAROLANGUN
JAMBI,KABUPATEN BATANGHARI
JAMBI,KABUPATEN MUARO JAMBI
JAMBI,KABUPATEN TANJUNG JABUNG BARAT
JAMBI,KABUPATEN TANJUNG JABUNG TIMUR
JAMBI,KABUPATEN BUNGO
JAMBI,KABUPATEN TEBO
JAMBI,KOTA JAMBI
JAMBI,KOTA SUNGAI PENUH
SUMATRA SELATAN,KABUPATEN OGAN KOMERING ULU
SUMATRA SELATAN,KABUPATEN OGAN KOMERING ILIR
SUMATRA SELATAN,KABUPATEN MUARA ENIM
SUMATRA SELATAN,KABUPATEN LAHAT
SUMATRA SELATAN,KABUPATEN MUSI RAWAS
SUMATRA SELATAN,KABUPATEN MUSI BANYUASIN
SUMATRA SELATAN,KABUPATEN BANYUASIN
SUMATRA SELATAN,KABUPATEN OGAN KOMERING ULU TIMUR
SUMATRA SELATAN,KABUPATEN OGAN KOMERING ULU SELATAN
SUMATRA SELATAN,KABUPATEN OGAN ILIR
SUMATRA SELATAN,KABUPATEN EMPAT LAWANG
SUMATRA SELATAN,KABUPATEN PENUKAL ABAB LEMATANG ILIR
SUMATRA SELATAN,KABUPATEN MUSI RAWAS UTARA
SUMATRA SELATAN,KOTA PALEMBANG
SUMATRA SELATAN,KOTA PAGAR ALAM
SUMATRA SELATAN,KOTA LUBUK LINGGAU
SUMATRA SELATAN,KOTA PRABUMULIH
BENGKULU,KABUPATEN BENGKULU SELATAN
BENGKULU,KABUPATEN REJANG LEBONG
BENGKULU,KABUPATEN BENGKULU UTARA
BENGKULU,KABUPATEN KAUR
BENGKULU,KABUPATEN SELUMA
BENGKULU,KABUPATEN MUKO MUKO
BENGKULU,KABUPATEN LEBONG
BENGKULU,KABUPATEN KEPAHIANG
BENGKULU,KABUPATEN BENGKULU TENGAH
BENGKULU,KOTA BENGKULU
LAMPUNG,KABUPATEN LAMPUNG SELATAN
LAMPUNG,KABUPATEN LAMPUNG TENGAH
LAMPUNG,KABUPATEN LAMPUNG UTARA
LAMPUNG,KABUPATEN LAMPUNG BARAT
LAMPUNG,KABUPATEN TULANG BAWANG
LAMPUNG,KABUPATEN TANGGAMUS
LAMPUNG,KABUPATEN LAMPUNG TIMUR
LAMPUNG,KABUPATEN WAY KANAN
LAMPUNG,KABUPATEN PESAWARAN
LAMPUNG,KABUPATEN PRINGSEWU
LAMPUNG,KABUPATEN MESUJI
LAMPUNG,KABUPATEN TULANG BAWANG BARAT
LAMPUNG,KABUPATEN PESISIR BARAT
LAMPUNG,KOTA BANDAR LAMPUNG
LAMPUNG,KOTA METRO
BANGKA BELITUNG,KABUPATEN BANGKA
BANGKA BELITUNG,KABUPATEN BELITUNG
BANGKA BELITUNG,KABUPATEN BANGKA SELATAN
BANGKA BELITUNG,KABUPATEN BANGKA TENGAH
BANGKA BELITUNG,KABUPATEN BANGKA BARAT
BANGKA BELITUNG,KABUPATEN BELITUNG TIMUR
BANGKA BELITUNG,KOTA PANGKAL PINANG
KEPULAUAN RIAU,KABUPATEN BINTAN
KEPULAUAN RIAU,KABUPATEN KARIMUN
KEPULAUAN RIAU,KABUPATEN NATUNA
KEPULAUAN RIAU,KABUPATEN LINGGA
KEPULAUAN RIAU,KABUPATEN KEPULAUAN ANAMBAS
KEPULAUAN RIAU,KOTA BATAM
KEPULAUAN RIAU,KOTA TANJUNG PINANG
DKI JAKARTA,KABUPATEN ADM. KEP. SERIBU
DKI JAKARTA,KOTA ADM. JAKARTA PUSAT
DKI JAKARTA,KOTA ADM. JAKARTA UTARA
DKI JAKARTA,KOTA ADM. JAKARTA BARAT
DKI JAKARTA,KOTA ADM. JAKARTA SELATAN
DKI JAKARTA,KOTA ADM. JAKARTA TIMUR
JAWA BARAT,KABUPATEN BOGOR
JAWA BARAT,KABUPATEN SUKABUMI
JAWA BARAT,KABUPATEN CIANJUR
JAWA BARAT,KABUPATEN BANDUNG
JAWA BARAT,KABUPATEN GARUT
JAWA BARAT,KABUPATEN TASIKMALAYA
JAWA BARAT,KABUPATEN CIAMIS
JAWA BARAT,KABUPATEN KUNINGAN
JAWA BARAT,KABUPATEN CIREBON
JAWA BARAT,KABUPATEN MAJALENGKA
JAWA BARAT,KABUPATEN SUMEDANG
JAWA BARAT,KABUPATEN INDRAMAYU
JAWA BARAT,KABUPATEN SUBANG
JAWA BARAT,KABUPATEN PURWAKARTA
JAWA BARAT,KABUPATEN KARAWANG
JAWA BARAT,KABUPATEN BEKASI
JAWA BARAT,KABUPATEN BANDUNG BARAT
JAWA BARAT,KABUPATEN PANGANDARAN
JAWA BARAT,KOTA BOGOR
JAWA BARAT,KOTA SUKABUMI
JAWA BARAT,KOTA BANDUNG
JAWA BARAT,KOTA CIREBON
JAWA BARAT,KOTA BEKASI
JAWA BARAT,KOTA DEPOK
JAWA BARAT,KOTA CIMAHI
JAWA BARAT,KOTA TASIKMALAYA
JAWA BARAT,KOTA BANJAR
JAWA TENGAH,KABUPATEN CILACAP
JAWA TENGAH,KABUPATEN BANYUMAS
JAWA TENGAH,KABUPATEN PURBALINGGA
JAWA TENGAH,KABUPATEN BANJARNEGARA
JAWA TENGAH,KABUPATEN KEBUMEN
JAWA TENGAH,KABUPATEN PURWOREJO
JAWA TENGAH,KABUPATEN WONOSOBO
JAWA TENGAH,KABUPATEN MAGELANG
JAWA TENGAH,KABUPATEN BOYOLALI
JAWA TENGAH,KABUPATEN KLATEN
JAWA TENGAH,KABUPATEN SUKOHARJO
JAWA TENGAH,KABUPATEN WONOGIRI
JAWA TENGAH,KABUPATEN KARANGANYAR
JAWA TENGAH,KABUPATEN SRAGEN
JAWA TENGAH,KABUPATEN GROBOGAN
JAWA TENGAH,KABUPATEN BLORA
JAWA TENGAH,KABUPATEN REMBANG
JAWA TENGAH,KABUPATEN PATI
JAWA TENGAH,KABUPATEN KUDUS
JAWA TENGAH,KABUPATEN JEPARA
JAWA TENGAH,KABUPATEN DEMAK
JAWA TENGAH,KABUPATEN SEMARANG
JAWA TENGAH,KABUPATEN TEMANGGUNG
JAWA TENGAH,KABUPATEN KENDAL
JAWA TENGAH,KABUPATEN BATANG
JAWA TENGAH,KABUPATEN PEKALONGAN
JAWA TENGAH,KABUPATEN PEMALANG
JAWA TENGAH,KABUPATEN TEGAL
JAWA TENGAH,KABUPATEN BREBES
JAWA TENGAH,KOTA MAGELANG
JAWA TENGAH,KOTA SURAKARTA
JAWA TENGAH,KOTA SALATIGA
JAWA TENGAH,KOTA SEMARANG
JAWA TENGAH,KOTA PEKALONGAN
JAWA TENGAH,KOTA TEGAL
DIY,KABUPATEN KULON PROGO
DIY,KABUPATEN BANTUL
DIY,KABUPATEN GUNUNGKIDUL
DIY,KABUPATEN SLEMAN
DIY,KOTA YOGYAKARTA
JAWA TIMUR,KABUPATEN PACITAN
JAWA TIMUR,KABUPATEN PONOROGO
JAWA TIMUR,KABUPATEN TRENGGALEK
JAWA TIMUR,KABUPATEN TULUNGAGUNG
JAWA TIMUR,KABUPATEN BLITAR
JAWA TIMUR,KABUPATEN KEDIRI
JAWA TIMUR,KABUPATEN MALANG
JAWA TIMUR,KABUPATEN LUMAJANG
JAWA TIMUR,KABUPATEN JEMBER
JAWA TIMUR,KABUPATEN BANYUWANGI
JAWA TIMUR,KABUPATEN BONDOWOSO
JAWA TIMUR,KABUPATEN SITUBONDO
JAWA TIMUR,KABUPATEN PROBOLINGGO
JAWA TIMUR,KABUPATEN PASURUAN
JAWA TIMUR,KABUPATEN SIDOARJO
JAWA TIMUR,KABUPATEN MOJOKERTO
JAWA TIMUR,KABUPATEN JOMBANG
JAWA TIMUR,KABUPATEN NGANJUK
JAWA TIMUR,KABUPATEN MADIUN
JAWA TIMUR,KABUPATEN MAGETAN
JAWA TIMUR,KABUPATEN NGAWI
JAWA TIMUR,KABUPATEN BOJONEGORO
JAWA TIMUR,KABUPATEN TUBAN
JAWA TIMUR,KABUPATEN LAMONGAN
JAWA TIMUR,KABUPATEN GRESIK
JAWA TIMUR,KABUPATEN BANGKALAN
JAWA TIMUR,KABUPATEN SAMPANG
JAWA TIMUR,KABUPATEN PAMEKASAN
JAWA TIMUR,KABUPATEN SUMENEP
JAWA TIMUR,KOTA KEDIRI
JAWA TIMUR,KOTA BLITAR
JAWA TIMUR,KOTA MALANG
JAWA TIMUR,KOTA PROBOLINGGO
JAWA TIMUR,KOTA PASURUAN
JAWA TIMUR,KOTA MOJOKERTO
JAWA TIMUR,KOTA MADIUN
JAWA TIMUR,KOTA SURABAYA
JAWA TIMUR,KOTA BATU
BANTEN,KABUPATEN PANDEGLANG
BANTEN,KABUPATEN LEBAK
BANTEN,KABUPATEN TANGERANG
BANTEN,KABUPATEN SERANG
BANTEN,KOTA TANGERANG
BANTEN,KOTA CILEGON
BANTEN,KOTA SERANG
BANTEN,KOTA TANGERANG SELATAN
BALI,KABUPATEN JEMBRANA
BALI,KABUPATEN TABANAN
BALI,KABUPATEN BADUNG
BALI,KABUPATEN GIANYAR
BALI,KABUPATEN KLUNGKUNG
BALI,KABUPATEN BANGLI
BALI,KABUPATEN KARANGASEM
BALI,KABUPATEN BULELENG
BALI,KOTA DENPASAR
NTB,KABUPATEN LOMBOK BARAT
NTB,KABUPATEN LOMBOK TENGAH
NTB,KABUPATEN LOMBOK TIMUR
NTB,KABUPATEN SUMBAWA
NTB,KABUPATEN DOMPU
NTB,KABUPATEN BIMA
NTB,KABUPATEN SUMBAWA BARAT
NTB,KABUPATEN LOMBOK UTARA
NTB,KOTA MATARAM
NTB,KOTA BIMA
NTT,KABUPATEN KUPANG
NTT,KABUPATEN TIMOR TENGAH SELATAN
NTT,KABUPATEN TIMOR TENGAH UTARA
NTT,KABUPATEN BELU
NTT,KABUPATEN ALOR
NTT,KABUPATEN FLORES TIMUR
NTT,KABUPATEN SIKKA
NTT,KABUPATEN ENDE
NTT,KABUPATEN NGADA
NTT,KABUPATEN MANGGARAI
NTT,KABUPATEN SUMBA TIMUR
NTT,KABUPATEN SUMBA BARAT
NTT,KABUPATEN LEMBATA
NTT,KABUPATEN ROTE NDAO
NTT,KABUPATEN MANGGARAI BARAT
NTT,KABUPATEN NAGEKEO
NTT,KABUPATEN SUMBA TENGAH
NTT,KABUPATEN SUMBA BARAT DAYA
NTT,KABUPATEN MANGGARAI TIMUR
NTT,KABUPATEN SABU RAIJUA
NTT,KABUPATEN MALAKA
NTT,KOTA KUPANG
KALIMANTAN BARAT,KABUPATEN SAMBAS
KALIMANTAN BARAT,KABUPATEN MEMPAWAH
KALIMANTAN BARAT,KABUPATEN SANGGAU
KALIMANTAN BARAT,KABUPATEN KETAPANG
KALIMANTAN BARAT,KABUPATEN SINTANG
KALIMANTAN BARAT,KABUPATEN KAPUAS HULU
KALIMANTAN BARAT,KABUPATEN BENGKAYANG
KALIMANTAN BARAT,KABUPATEN LANDAK
KALIMANTAN BARAT,KABUPATEN SEKADAU
KALIMANTAN BARAT,KABUPATEN MELAWI
KALIMANTAN BARAT,KABUPATEN KAYONG UTARA
KALIMANTAN BARAT,KABUPATEN KUBU RAYA
KALIMANTAN BARAT,KOTA PONTIANAK
KALIMANTAN BARAT,KOTA SINGKAWANG
KALIMANTAN TENGAH,KABUPATEN KOTAWARINGIN BARAT
KALIMANTAN TENGAH,KABUPATEN KOTAWARINGIN TIMUR
KALIMANTAN TENGAH,KABUPATEN KAPUAS
KALIMANTAN TENGAH,KABUPATEN BARITO SELATAN
KALIMANTAN TENGAH,KABUPATEN BARITO UTARA
KALIMANTAN TENGAH,KABUPATEN KATINGAN
KALIMANTAN TENGAH,KABUPATEN SERUYAN
KALIMANTAN TENGAH,KABUPATEN SUKAMARA
KALIMANTAN TENGAH,KABUPATEN LAMANDAU
KALIMANTAN TENGAH,KABUPATEN GUNUNG MAS
KALIMANTAN TENGAH,KABUPATEN PULANG PISAU
KALIMANTAN TENGAH,KABUPATEN MURUNG RAYA
KALIMANTAN TENGAH,KABUPATEN BARITO TIMUR
KALIMANTAN TENGAH,KOTA PALANGKARAYA
KALIMANTAN SELATAN,KABUPATEN TANAH LAUT
KALIMANTAN SELATAN,KABUPATEN KOTABARU
KALIMANTAN SELATAN,KABUPATEN BANJAR
KALIMANTAN SELATAN,KABUPATEN BARITO KUALA
KALIMANTAN SELATAN,KABUPATEN TAPIN
KALIMANTAN SELATAN,KABUPATEN HULU SUNGAI SELATAN
KALIMANTAN SELATAN,KABUPATEN HULU SUNGAI TENGAH
KALIMANTAN SELATAN,KABUPATEN HULU SUNGAI UTARA
KALIMANTAN SELATAN,KABUPATEN TABALONG
KALIMANTAN SELATAN,KABUPATEN TANAH BUMBU
KALIMANTAN SELATAN,KABUPATEN BALANGAN
KALIMANTAN SELATAN,KOTA BANJARMASIN
KALIMANTAN SELATAN,KOTA BANJARBARU
KALIMANTAN TIMUR,KABUPATEN PASER
KALIMANTAN TIMUR,KABUPATEN KUTAI KARTANEGARA
KALIMANTAN TIMUR,KABUPATEN BERAU
KALIMANTAN TIMUR,KABUPATEN KUTAI BARAT
KALIMANTAN TIMUR,KABUPATEN KUTAI TIMUR
KALIMANTAN TIMUR,KABUPATEN PENAJAM PASER UTARA
KALIMANTAN TIMUR,KABUPATEN MAHAKAM ULU
KALIMANTAN TIMUR,KOTA BALIKPAPAN
KALIMANTAN TIMUR,KOTA SAMARINDA
KALIMANTAN TIMUR,KOTA BONTANG
KALIMANTAN UTARA,KABUPATEN BULUNGAN
KALIMANTAN UTARA,KABUPATEN MALINAU
KALIMANTAN UTARA,KABUPATEN NUNUKAN
KALIMANTAN UTARA,KABUPATEN TANA TIDUNG
KALIMANTAN UTARA,KOTA TARAKAN
SULAWESI UTARA,KABUPATEN BOLAANG MONGONDOW
SULAWESI UTARA,KABUPATEN MINAHASA
SULAWESI UTARA,KABUPATEN KEPULAUAN SANGIHE
SULAWESI UTARA,KABUPATEN KEPULAUAN TALAUD
SULAWESI UTARA,KABUPATEN MINAHASA SELATAN
SULAWESI UTARA,KABUPATEN MINAHASA UTARA
SULAWESI UTARA,KABUPATEN MINAHASA TENGGARA
SULAWESI UTARA,KABUPATEN BOLAANG MONGONDOW UTARA
SULAWESI UTARA,KABUPATEN KEP. SIAU TAGULANDANG BIARO
SULAWESI UTARA,KABUPATEN BOLAANG MONGONDOW TIMUR
SULAWESI UTARA,KABUPATEN BOLAANG MONGONDOW SELATAN
SULAWESI UTARA,KOTA MANADO
SULAWESI UTARA,KOTA BITUNG
SULAWESI UTARA,KOTA TOMOHON
SULAWESI UTARA,KOTA KOTAMOBAGU
SULAWESI TENGAH,KABUPATEN BANGGAI
SULAWESI TENGAH,KABUPATEN POSO
SULAWESI TENGAH,KABUPATEN DONGGALA
SULAWESI TENGAH,KABUPATEN TOLI TOLI
SULAWESI TENGAH,KABUPATEN BUOL
SULAWESI TENGAH,KABUPATEN MOROWALI
SULAWESI TENGAH,KABUPATEN BANGGAI KEPULAUAN
SULAWESI TENGAH,KABUPATEN PARIGI MOUTONG
SULAWESI TENGAH,KABUPATEN TOJO UNA UNA
SULAWESI TENGAH,KABUPATEN SIGI
SULAWESI TENGAH,KABUPATEN BANGGAI LAUT
SULAWESI TENGAH,KABUPATEN MOROWALI UTARA
SULAWESI TENGAH,KOTA PALU
SULAWESI SELATAN,KABUPATEN KEPULAUAN SELAYAR
SULAWESI SELATAN,KABUPATEN BULUKUMBA
SULAWESI SELATAN,KABUPATEN BANTAENG
SULAWESI SELATAN,KABUPATEN JENEPONTO
SULAWESI SELATAN,KABUPATEN TAKALAR
SULAWESI SELATAN,KABUPATEN GOWA
SULAWESI SELATAN,KABUPATEN SINJAI
SULAWESI SELATAN,KABUPATEN BONE
SULAWESI SELATAN,KABUPATEN MAROS
SULAWESI SELATAN,KABUPATEN PANGKAJENE KEPULAUAN
SULAWESI SELATAN,KABUPATEN BARRU
SULAWESI SELATAN,KABUPATEN SOPPENG
SULAWESI SELATAN,KABUPATEN WAJO
SULAWESI SELATAN,KABUPATEN SIDENRENG RAPPANG
SULAWESI SELATAN,KABUPATEN PINRANG
SULAWESI SELATAN,KABUPATEN ENREKANG
SULAWESI SELATAN,KABUPATEN LUWU
SULAWESI SELATAN,KABUPATEN TANA TORAJA
SULAWESI SELATAN,KABUPATEN LUWU UTARA
SULAWESI SELATAN,KABUPATEN LUWU TIMUR
SULAWESI SELATAN,KABUPATEN TORAJA UTARA
SULAWESI SELATAN,KOTA MAKASSAR
SULAWESI SELATAN,KOTA PARE PARE
SULAWESI SELATAN,KOTA PALOPO
SULAWESI TENGGARA,KABUPATEN KOLAKA
SULAWESI TENGGARA,KABUPATEN KONAWE
SULAWESI TENGGARA,KABUPATEN MUNA
SULAWESI TENGGARA,KABUPATEN BUTON
SULAWESI TENGGARA,KABUPATEN KONAWE SELATAN
SULAWESI TENGGARA,KABUPATEN BOMBANA
SULAWESI TENGGARA,KABUPATEN WAKATOBI
SULAWESI TENGGARA,KABUPATEN KOLAKA UTARA
SULAWESI TENGGARA,KABUPATEN KONAWE UTARA
SULAWESI TENGGARA,KABUPATEN BUTON UTARA
SULAWESI TENGGARA,KABUPATEN KOLAKA TIMUR
SULAWESI TENGGARA,KABUPATEN KONAWE KEPULAUAN
SULAWESI TENGGARA,KABUPATEN MUNA BARAT
SULAWESI TENGGARA,KABUPATEN BUTON TENGAH
SULAWESI TENGGARA,KABUPATEN BUTON SELATAN
SULAWESI TENGGARA,KOTA KENDARI
SULAWESI TENGGARA,KOTA BAU BAU
GORONTALO,KABUPATEN GORONTALO
GORONTALO,KABUPATEN BOALEMO
GORONTALO,KABUPATEN BONE BOLANGO
GORONTALO,KABUPATEN PAHUWATO
GORONTALO,KABUPATEN GORONTALO UTARA
GORONTALO,KOTA GORONTALO
SULAWESI BARAT,KABUPATEN PASANGKAYU
SULAWESI BARAT,KABUPATEN MAMUJU
SULAWESI BARAT,KABUPATEN MAMASA
SULAWESI BARAT,KABUPATEN POLEWALI MANDAR
SULAWESI BARAT,KABUPATEN MAJENE
SULAWESI BARAT,KABUPATEN MAMUJU TENGAH
MALUKU,KABUPATEN MALUKU TENGAH
MALUKU,KABUPATEN MALUKU TENGGARA
MALUKU,KABUPATEN KEPULAUAN TANIMBAR
MALUKU,KABUPATEN BURU
MALUKU,KABUPATEN SERAM BAGIAN TIMUR
MALUKU,KABUPATEN SERAM BAGIAN BARAT
MALUKU,KABUPATEN KEPULAUAN ARU
MALUKU,KABUPATEN MALUKU BARAT DAYA
MALUKU,KABUPATEN BURU SELATAN
MALUKU,KOTA AMBON
MALUKU,KOTA TUAL
MALUKU UTARA,KABUPATEN HALMAHERA BARAT
MALUKU UTARA,KABUPATEN HALMAHERA TENGAH
MALUKU UTARA,KABUPATEN HALMAHERA UTARA
MALUKU UTARA,KABUPATEN HALMAHERA SELATAN
MALUKU UTARA,KABUPATEN KEPULAUAN SULA
MALUKU UTARA,KABUPATEN HALMAHERA TIMUR
MALUKU UTARA,KABUPATEN PULAU MOROTAI
MALUKU UTARA,KABUPATEN PULAU TALIABU
MALUKU UTARA,KOTA TERNATE
MALUKU UTARA,KOTA TIDORE KEPULAUAN
PAPUA,KABUPATEN MERAUKE
PAPUA,KABUPATEN JAYAWIJAYA
PAPUA,KABUPATEN JAYAPURA
PAPUA,KABUPATEN NABIRE
PAPUA,KABUPATEN KEPULAUAN YAPEN
PAPUA,KABUPATEN BIAK NUMFOR
PAPUA,KABUPATEN PUNCAK JAYA
PAPUA,KABUPATEN PANIAI
PAPUA,KABUPATEN MIMIKA
PAPUA,KABUPATEN SARMI
PAPUA,KABUPATEN KEEROM
PAPUA,KABUPATEN PEGUNUNGAN BINTANG
PAPUA,KABUPATEN YAHUKIMO
PAPUA,KABUPATEN TOLIKARA
PAPUA,KABUPATEN WAROPEN
PAPUA,KABUPATEN BOVEN DIGOEL
PAPUA,KABUPATEN MAPPI
PAPUA,KABUPATEN ASMAT
PAPUA,KABUPATEN SUPIORI
PAPUA,KABUPATEN MAMBERAMO RAYA
PAPUA,KABUPATEN MAMBERAMO TENGAH
PAPUA,KABUPATEN YALIMO
PAPUA,KABUPATEN LANNY JAYA
PAPUA,KABUPATEN NDUGA
PAPUA,KABUPATEN PUNCAK
PAPUA,KABUPATEN DOGIYAI
PAPUA,KABUPATEN INTAN JAYA
PAPUA,KABUPATEN DEIYAI
PAPUA,KOTA JAYAPURA
PAPUA BARAT,KABUPATEN SORONG
PAPUA BARAT,KABUPATEN MANOKWARI
PAPUA BARAT,KABUPATEN FAK FAK
PAPUA BARAT,KABUPATEN SORONG SELATAN
PAPUA BARAT,KABUPATEN RAJA AMPAT
PAPUA BARAT,KABUPATEN TELUK BINTUNI
PAPUA BARAT,KABUPATEN TELUK WONDAMA
PAPUA BARAT,KABUPATEN KAIMANA
PAPUA BARAT,KABUPATEN TAMBRAUW
PAPUA BARAT,KABUPATEN MAYBRAT
PAPUA BARAT,KABUPATEN MANOKWARI SELATAN
PAPUA BARAT,KABUPATEN PEGUNUNGAN ARFAK
PAPUA BARAT,KOTA SORONG