judul,label
Penyebab dan Cara Mengatasi Hiperlakrimasi atau Mata Berair pada Lansia,unlabelled
Manfaat Tersembunyi dari Oral Nutritional Supplements (ONS),unlabelled
Apa Sebenarnya Penyebab Lansia Umumnya Semakin Kurus?,unlabelled
Apa Saja Efek Penuaan Terhadap Sistem Saraf Lansia?,unlabelled
Idealnya Lansia Tidur Berapa Jam per Hari? Ini Jawabannya!,unlabelled
5 Kriteria yang Harus Ada pada Seorang Perawat Lansia,unlabelled
"Intip Panduan Pola Makan, Serta Pilihan Makanan Sehat Wanita Menopause",unlabelled
Presbikusis,unlabelled
Manfaat dan Tips Olahraga Bersepeda yang Aman untuk Lansia,unlabelled
"Yuk, Kenali Manfaat dan Jenis Olahraga yang Tepat untuk Lansia",unlabelled
7 Tips Menikmati Seks di Usia Tua Berikut dengan Manfaatnya,unlabelled
21 Penyakit Pada Lansia yang Paling Sering Terjadi,unlabelled
"3 Jenis Vaksin untuk Lansia yang Disarankan, Plus Syarat Pemberian Vaksinasi",unlabelled
"Kenali Sarcopenia, Kondisi Hilangnya Massa dan Kekuatan Otot pada Lansia",unlabelled
"Stroke Pada Lansia, Kenali Gejala dan Perawatan Medis yang Tepat",unlabelled
Penuaan,unlabelled
"Ketika Lansia Susah Tidur Nyenyak, Bantu dengan 6 Cara Ini",unlabelled
"Alasan Lansia Sering Tidur Siang, dan Tips Mencegahnya Berlebihan",unlabelled
5 Solusi Saat Orang dengan Demensia Menolak Minum Obat,unlabelled
"Mengisi Teka-teki Silang (TTS), Cara Sederhana Agar Lansia Tidak Cepat Pikun",unlabelled
Tips Mengajak Orang Tua Pindah ke Tempat yang Baru,unlabelled
"Sebenarnya, Berapa Lama Lansia Perlu Berolahraga?",unlabelled
6 Hal yang Perlu Dipersiapkan Lansia Sebelum Berenang Agar Tetap Aman,unlabelled
10 Hal yang Harus Anda Perhatikan untuk Perawatan Lansia,unlabelled
Panduan Pola Hidup Sehat untuk Lansia agar Selalu Bugar,unlabelled
7 Rekomendasi Susu Tulang untuk Lansia yang Tinggi Kalsium,unlabelled
Lansia Uring-uringan di Malam Hari? Bisa Jadi Karena Sindrom Sundowning,unlabelled
8 Cara Mengembalikan Daya Tahan Tubuh di Usia 65 Tahun ke Atas,unlabelled
"Mewaspadai 5 Gejala Sindrom Geriatri pada Lansia, Plus Cara Menanganinya",unlabelled
"Koordinasi Mata dan Tangan Menurun Seiring usia, Jaga dengan 4 Cara Ini",unlabelled
"Memahami Manfaat Terapi Kognitif pada Lansia, Serta Langkah-langkah Prosedurnya",unlabelled
Syarat Vaksin Influenza untuk Lansia yang Harus Dipenuhi,unlabelled
Penyebab Gangguan Pendengaran pada Lansia dan 4 Langkah Pencegahan,unlabelled
4 Cara Mengontrol Berat Badan saat Memasuki Usia Lanjut,unlabelled
Memahami Insomnia pada Lansia dan 5 Cara Mengatasinya,unlabelled
Kenapa Suara Berubah Seiring Usia Bertambah Tua?,unlabelled
"Ini Berbagai Pilihan Makanan untuk Lansia yang Susah Makan, Plus Kiat Membujuknya",unlabelled
4 Manfaat Kesehatan Minum Susu untuk Lansia,unlabelled
Gangguan Mental pada Lansia,unlabelled
"Mengenali Gejala Rematik pada Lansia, Serta Cara Tepat Mengatasinya",unlabelled
"Multiple System Atrophy (MSA), Ketahui Gejala Hingga Perawatan yang Tepat",unlabelled
Daftar Vitamin dan Mineral yang Baik untuk Kesehatan Lansia,unlabelled
6 Langkah Rutin Merawat Kesehatan Mulut dan Gigi Lansia,unlabelled
5 Cara Mencegah Turun Peranakan Pada Lansia,unlabelled
Manfaat dan 6 Pose Senam Yoga yang Aman untuk Lansia,unlabelled
Ini Deretan Zat Gizi Makanan yang Dibutuhkan Lansia Agar Tetap Sehat,unlabelled
Manfaat Suplemen Magnesium untuk Kesehatan Tulang Lansia,unlabelled
Kenali Pilihan Pengobatan Kanker yang Cocok untuk Para Lansia,unlabelled
Penyebab Plus Tips Mengatasi Penurunan Fungsi Seks pada Lansia,unlabelled
Memahami Apa Itu Mid Life Crisis dan Cara Tepat Menghadapinya,unlabelled
Benarkah Olahraga Dapat Mencegah Tubuh Mengalami Penuaan Dini?,unlabelled
Lindungi Lansia dari Risiko Jatuh dengan 6 Latihan Keseimbangan Ini,unlabelled
"Penyebab Badan Lansia Terasa Dingin, Serta Cara Mengatasinya",unlabelled
"Post Power Syndrome, Masalah Mental Rentan bagi Lansia",unlabelled
Beragam Penyebab Pengapuran yang Sering Menyerang Lansia,unlabelled
"Cara Mengatasi Ambeien pada Lansia, Secara Alami dan Medis dari Dokter",unlabelled
Perlukah Orang Tua Lanjut Usia Minum Vitamin untuk Tulang? Ini Jawabannya,unlabelled
"Efek Penuaan pada Jantung, Perlukah Diwaspadai?",unlabelled
5 Kosmetik yang Paling Direkomendasikan untuk Usia 50 Tahun Ke Atas,unlabelled
6 Jenis Penyakit Jantung pada Lansia yang Perlu Diwaspadai,unlabelled
"Lansia Perlu Menjaga Berat Badan Ideal, Ini Caranya",unlabelled
Manfaat Latihan Peregangan untuk Lansia,unlabelled
Berbagai Penyebab Lansia Susah Makan dan Bahaya yang Mungkin Terjadi,unlabelled
Manfaat dan Gerakan Senam Lansia untuk Tingkatkan Kebugaran,unlabelled
"Yuk, Ikuti Panduan Aman Olahraga Treadmill untuk Lansia",unlabelled
Panduan Mengemudi Mobil yang Aman untuk Lanjut Usia,unlabelled
Memahami Kunci Hidup Bahagia dan Sehat untuk Para Lansia,unlabelled
Penyebab Kaki Bengkak pada Lansia dan Beragam Penyakit Kaki Lain,unlabelled
"Kenali Sindrom Diogenes, Penyakit Kejiwaan Ekstrem pada Lansia",unlabelled
Pentingnya Asupan Vitamin B12 Bagi Kesehatan Lansia,unlabelled
"Orang Dewasa Pakai Popok Bisa Mengalami Ruam, Bagaimana Mengatasinya?",unlabelled
Perlukah Melakukan Hubungan Seksual Meski Sudah Tua?,unlabelled
Memilih Jenis Makanan dan Menu yang Sehat untuk Lansia,unlabelled
"Yuk, Simak Panduan Aman Penggunaan Obat pada Lansia",unlabelled
"Anoreksia Geriatri, Mengapa Bisa Terjadi pada Lansia dan Bagaimana Mengatasinya?",unlabelled
Lansia Susah Makan? Ikuti 6 Cara yang Ampuh Mengatasinya,unlabelled
"Mengenal Ahli Geriatri, Dokter Spesialis yang Menangani Masalah Kesehatan Lansia",unlabelled
Tips Olahraga untuk Lansia agar Nyaman Dilakukan di Usia Senja,unlabelled
"Rambut Lansia Rentan Rontok dan Menipis, Bagaimana Cara Merawatnya?",unlabelled
"Penyebab Gangguan Tidur Pada Lansia, Plus Cara Mengatasinya",unlabelled
"8 Rahasia Tetap Sehat dan Bugar, Meski Sudah Usia Lanjut",unlabelled
Apakah Lansia Boleh Melakukan Diet? Ini Penjelasannya,unlabelled
"Rekomendasi Aktivitas Lansia agar Tetap Aktif, Aman, dan Lebih Percaya Diri!",unlabelled
6 Games Menarik untuk Melatih Kemampuan Otak Lansia,unlabelled
Malnutrisi pada Lansia,unlabelled
Penyakit Degeneratif,unlabelled
"Gagal Jantung pada Lansia, Seperti Apa Kondisinya?",unlabelled
Kenali Kelebihan dan Kekurangan Panti Jompo untuk Lansia,unlabelled
Sering Buang Air Kecil di Usia Senja? Ini Tips agar Aktivitas Tidak Terganggu,unlabelled
"Buat Wanita Usia 40-an, Ini Cara Merawat Keindahan Alami Rambut Anda",unlabelled
Memiliki Sendi Sehat di Usia Senja Bukan Hanya Mimpi! Ini Tipsnya,unlabelled
Penurunan Fungsi Otak pada Lansia dan 5 Cara Efektif Mencegahnya,unlabelled
Cara Mencegah Uban Tumbuh Lebih Cepat di Usia Muda,unlabelled
Panduan Lengkap Memenuhi Kebutuhan Gizi Lansia,unlabelled
Bingung Menjalani Kegiatan Setelah Pensiun? Berikut Tips Tetap Produktif,unlabelled
"Panduan Mengatur Menu Makanan untuk Lansia, Lengkap dengan Porsinya",unlabelled
"Menjawab Pertanyaan Tentang Lansia yang Enggan ke Dokter, Plus Cara Menghadapinya",unlabelled
Seberapa Banyak Kebutuhan Cairan Lansia? Ini Jawabannya,unlabelled
Penyakit Kulit yang Sering Terjadi pada Lansia dan Cara Mengatasinya,unlabelled
Bolehkah Lansia Konsumsi Minuman Beralkohol?,unlabelled
